Timestamp,Name,UID,Course,Time (Minutes)
07/11/25 11:33,Isaac Newton,1099999,Hist 7,50
07/11/25 11:55,Carlos Romano,1098321,Engr 7,15
07/11/25 12:03,Zahra Khan,1049378,Math 32A,10
07/11/25 12:48,Kofi Reddy,1043789,Math 31A,75
07/11/25 13:11,Rashid Chowdhury,1091876,Chem 14A,45
07/11/25 13:29,Kofi Mensah,1090274,Hist 7,30
07/11/25 14:12,Yara Lopez,1082351,Engr 7,70
07/11/25 14:20,Peter Okoro,1098221,Hist 7,90
07/11/25 15:00,Minh Pham,1089583,Engr 110,15
07/11/25 15:08,Mei-Ling Park,1029467,Geog 10,20
07/11/25 15:59,Rashid Chowdhury,1091876,Hist 7,25
07/11/25 16:45,Minh Pham,1089583,Lifesci 7A,80
07/12/25 09:00,Camila Torres,1040283,Econ 1,60
07/12/25 09:53,Omar Brooks,1096780,Physics 7,25
07/12/25 10:36,Zahra Khan,1049378,Math 32A,45
07/12/25 11:26,Carlos Mensah,1081290,Math 32A,10
07/12/25 11:46,Kofi Reddy,1043789,Chem 14A,15
07/12/25 11:59,Yuki Tanaka,1039510,Geog 10,95
07/12/25 12:58,Ewa Nowak,1026189,Hist 7,80
07/12/25 13:06,Priya Ben-David,1038901,Math 31A,50
07/12/25 13:40,Rami Patel,1053194,Engr 2,10
07/12/25 13:57,Ewa Nowak,1026189,Math 31B,35
07/12/25 14:11,Ayaka Mori,1034569,Chem 14A,85
07/12/25 14:49,Priya Shah,1029845,Chem 14B,95
07/12/25 15:37,Priya Shah,1029845,Chem 14B,30
07/12/25 16:03,Rashid Chowdhury,1091876,Art 3C,20
07/12/25 16:43,Noah Thompson,1016739,Math 31A,80
07/13/25 09:00,Haruto Zhou,1061984,Psych 1,10
07/13/25 09:39,Omar Brooks,1096780,Engr 7,35
07/13/25 09:56,Priya Kim,1072649,Psych 1,55
07/13/25 10:37,Yara Lopez,1082351,Econ 1,85
07/13/25 10:48,Sara Kowalski,1015904,Math 33A,10
07/13/25 11:43,Rashid Greene,1049821,Econ 1,100
07/13/25 12:43,Theo Haddad,1060245,Lifesci 7B,75
07/13/25 13:00,Fatima Sakamoto,1047536,Physics 7,20
07/13/25 13:04,Alejandro Pham,1034711,Psych 1,40
07/13/25 13:20,Grace O’Connor,1054346,Hist 7,55
07/13/25 13:55,Grace O’Connor,1054346,Engr 7,25
07/13/25 14:49,Luca Peterson,1056103,Math 3B,80
07/13/25 15:12,Malika Traoré,1071935,Engr 110,65
07/13/25 15:19,Peter Okoro,1098221,Chem 14B,45
07/13/25 16:05,Fatima Al-Farsi,1094915,Chem 14B,45
07/13/25 16:35,Anika Reddy,1037584,Econ 1,55
07/13/25 16:46,Jun Ivanova,1050426,MscInd 95,30
07/14/25 09:00,Benson Lynn,1027183,Econ 1,40
07/14/25 09:32,Isaac Newton,1099999,Engr 7,50
07/14/25 10:27,Yuki Tanaka,1039510,Physics 8,70
07/14/25 10:49,Isabel Nguyen,1088142,Math 31A,65
07/14/25 11:09,Khadija Morales,1087772,Chem 14A,75
07/14/25 11:11,Theo Haddad,1060245,Math 3A,90
07/14/25 11:44,Malika Traoré,1071935,Hist 7,55
07/14/25 11:50,Diego Lee,1095734,Engr 111,65
07/14/25 12:49,Talia da Silva,1089402,Psych 1,80
07/14/25 13:27,Carlos Mensah,1081290,Art 3C,20
07/14/25 14:02,Anika Reddy,1037584,Lifesci 7A,10
07/14/25 14:29,Fatima Al-Farsi,1094915,Psych 1,95
07/14/25 14:35,Kofi Reddy,1043789,Math 31A,100
07/14/25 15:04,Jamal Abdi,1034927,Chem 14B,25
07/14/25 15:54,Rami Nguyen,1094012,Psych 1,50
07/14/25 16:12,Theo Haddad,1060245,Lifesci 7A,15
07/14/25 16:36,Rashid Greene,1049821,Econ 1,60
07/14/25 16:37,Fatima Sakamoto,1047536,Psych 1,85
07/15/25 09:00,Isaac Newton,1099999,Math 3A,60
07/15/25 09:54,Janelle Zahid,1043149,Econ 1,15
07/15/25 10:32,Khadija Shah,1045189,Psych 1,50
07/15/25 10:52,Alejandro Pham,1034711,Math 33A,80
07/15/25 11:51,Nikhil Reddy,1086213,Art 3C,45
07/15/25 12:10,Anika Patel,1050397,Engr 110,65
07/15/25 13:03,Fatima Al-Farsi,1094915,Math 3B,65
07/15/25 13:21,Malika Traoré,1071935,Engr 7,30
07/15/25 13:39,Haruto Sakamoto,1067095,Engr 110,85
07/15/25 13:54,Benson Lynn,1027183,Physics 8,65
07/15/25 13:56,Isaac Newton,1099999,Geog 10,100
07/15/25 14:29,Peter Okoro,1098221,Math 33B,20
07/15/25 14:30,Amina Yusuf,1048237,Math 33B,35
07/15/25 15:19,Rashid Nilsson,1090247,Engr 1A,100
07/15/25 15:53,Leila Dlamini,1080420,Math 32A,75
07/15/25 16:20,Kofi Reddy,1043789,Geog 10,65
07/15/25 16:35,Rami Haddad,1027831,Lifesci 7B,15
07/16/25 09:00,Carlos Chen,1019682,Physics 8,45
07/16/25 09:17,Elena Ivanova,1032750,MscInd 95,65
07/16/25 09:57,Rami Nguyen,1094012,Psych 1,30
07/16/25 10:26,Rami Patel,1053194,Math 33B,15
07/16/25 11:06,Sara Kowalski,1015904,Math 33A,45
07/16/25 11:38,Mariana da Silva,1036785,Engr 1A,85
07/16/25 11:55,Priya Kim,1072649,Psych 1,55
07/16/25 12:41,Hassan Mahmoud,1070958,Lifesci 7A,70
07/16/25 13:41,Ayaka Mori,1034569,Physics 7,45
07/16/25 13:47,Janelle Zahid,1043149,Chem 14B,30
07/16/25 14:03,Alejandro Pham,1034711,Engr 110,65
07/16/25 14:05,Priya Shah,1029845,Econ 1,70
07/16/25 14:29,Elena Petrova,1072468,Econ 1,70
07/16/25 14:59,Alejandro Pham,1034711,Math 33A,60
07/16/25 15:08,Isabel Nguyen,1088142,Engr 2,65
07/16/25 15:08,Peter da Silva,1065928,Math 3B,55
07/16/25 16:02,Elena Petrova,1072468,Physics 7,90
07/17/25 09:00,Theo Schneider,1023496,Econ 1,10
07/17/25 09:13,Rashid Patel,1070456,Engr 7,75
07/17/25 09:33,Jonas Nilsson,1057664,Psych 1,70
07/17/25 10:16,Amina Lopez,1029385,Art 3C,90
07/17/25 10:25,Fatima Al-Farsi,1094915,Engr 110,35
07/17/25 11:11,Jamal Carter,1065940,Math 3A,75
07/17/25 12:04,Minh Pham,1089583,Math 31A,20
07/17/25 12:22,Sasha Ivanova,1057183,Math 33B,35
07/17/25 12:51,Leila Chen,1086310,Physics 8,45
07/17/25 13:37,Sara Kowalski,1015904,Math 33A,65
07/17/25 14:27,Mariana da Silva,1036785,Econ 1,65
07/17/25 15:13,Fatima Sakamoto,1047536,Math 3A,20
07/17/25 15:56,Sasha Ivanova,1057183,Engr 110,15
07/17/25 16:54,Nikhil Reddy,1086213,Art 3C,60
07/18/25 09:00,Jamal Abdi,1034927,Math 33A,45
07/18/25 09:19,Khadija Morales,1087772,Chem 14A,35
07/18/25 10:06,Priya Ben-David,1038901,Physics 7,45
07/18/25 10:50,Isabel Nguyen,1088142,Econ 1,55
07/18/25 11:14,Fatima Al-Farsi,1094915,Hist 7,40
07/18/25 11:55,Peter Okoro,1098221,MscInd 95,40
07/18/25 12:32,Rashid Greene,1049821,Chem 14A,60
07/18/25 12:35,Jamal Carter,1065940,Math 3A,80
07/18/25 13:14,Haruto Sakamoto,1067095,Engr 110,15
07/18/25 13:20,Rashid Nilsson,1090247,Engr 1A,25
07/18/25 14:07,Elena Dubois,1015263,MscInd 95,100
07/18/25 14:11,Sasha Ivanova,1057183,Chem 14A,80
07/18/25 14:48,Zahra Khan,1049378,Engr 2,50
07/18/25 15:40,Haruto Zhou,1061984,Psych 1,85
07/18/25 16:01,Haruto Zhou,1061984,Lifesci 7A,25
07/18/25 16:19,Leila Chen,1086310,Physics 8,45
07/18/25 16:51,Rami Patel,1053194,Hist 7,50
07/18/25 16:57,Peter Okoro,1098221,MscInd 95,85
07/19/25 09:00,Peter Okoro,1098221,MscInd 95,50
07/19/25 09:30,Talia da Silva,1089402,Econ 1,80
07/19/25 10:27,Kofi Mensah,1090274,MscInd 95,55
07/19/25 11:17,Anika Patel,1050397,Engr 110,85
07/19/25 11:23,Rashid Patel,1070456,MscInd 95,45
07/19/25 12:10,Jamal Carter,1065940,Physics 7,75
07/19/25 13:10,Amina Lopez,1095735,Math 33B,45
07/19/25 14:05,Diego Lee,1095734,Engr 111,15
07/19/25 14:39,Janelle Al-Farsi,1095047,Chem 14A,20
07/19/25 14:49,Yuki Tanaka,1039510,Math 33A,60
07/19/25 15:00,Peter da Silva,1065928,Engr 1A,25
07/19/25 16:00,Camila Torres,1040283,Engr 111,45
07/19/25 16:57,Peter Okoro,1098221,Hist 7,10
07/20/25 09:00,Rashid Chowdhury,1091876,Chem 14A,60
07/20/25 09:19,Priya Kim,1072649,Lifesci 7A,15
07/20/25 09:25,Hassan Mahmoud,1070958,Art 3C,60
07/20/25 10:04,Grace O’Connor,1083742,Math 31A,45
07/20/25 10:50,Mitchel Anders,1031415,Engr 7,70
07/20/25 11:29,Rami Nguyen,1094012,Physics 7,20
07/20/25 12:15,Grace O’Connor,1027596,Art 3C,95
07/20/25 12:35,Amina Lopez,1029385,Econ 1,50
07/20/25 12:46,Mei-Ling Chen,1082631,Math 33A,50
07/20/25 13:15,Mei-Ling Park,1029467,Lifesci 7B,80
07/20/25 14:06,Ahmed Ibrahim,1073562,Engr 1A,20
07/20/25 14:10,Grace O’Connor,1083742,MscInd 95,25
07/20/25 14:36,Rashid Nilsson,1090247,MscInd 95,60
07/20/25 15:16,Carlos Chen,1019682,Physics 8,100
07/20/25 15:18,Mei-Ling Park,1029467,Geog 10,55
07/20/25 15:19,Elena Ivanova,1032750,Engr 110,60
07/20/25 15:56,Isabel Nguyen,1088142,Chem 14B,60
07/20/25 16:21,Isaac Newton,1099999,Engr 7,75
07/20/25 16:21,Elena Dubois,1015263,Engr 2,10
07/21/25 09:00,Anika Patel,1050397,Art 3C,75
07/21/25 09:51,Jun Ivanova,1050426,Chem 14A,45
07/21/25 10:51,Ayaka Mori,1034569,Chem 14A,70
07/21/25 11:12,Thomas Dubois,1061152,Physics 7,85
07/21/25 12:07,Sasha Ivanova,1057183,Econ 1,10
07/21/25 12:15,Jonas Nilsson,1057664,Psych 1,55
07/21/25 12:40,Mitchel Anders,1031415,Physics 7,15
07/21/25 13:30,Isabel Nguyen,1088142,Math 31A,100
07/21/25 13:36,Carlos Mensah,1081290,Lifesci 7B,15
07/21/25 13:37,Isabel Nguyen,1088142,MscInd 95,90
07/21/25 14:02,Benson Lynn,1027183,Geog 10,35
07/21/25 14:02,David Kowalski,1018376,Psych 1,70
07/21/25 14:34,Haruto Zhou,1061984,Lifesci 7A,55
07/21/25 14:56,Jonas Nilsson,1057664,Geog 10,10
07/21/25 15:33,Luca Romano,1041627,Engr 1A,95
07/21/25 15:40,Mei-Ling Park,1029467,Math 32A,10
07/21/25 15:59,Theo Schneider,1023496,Econ 1,30
07/21/25 16:23,Amir Zhou,1095137,Hist 7,70
07/22/25 09:00,Carlos Mensah,1081290,Art 3C,90
07/22/25 09:47,Anika Patel,1050397,Chem 14A,95
07/22/25 10:25,Jamal Carter,1065940,Geog 10,95
07/22/25 10:49,Thomas Dubois,1061152,Engr 7,20
07/22/25 11:27,Peter Okoro,1098221,Hist 7,75
07/22/25 12:27,Mitchel Anders,1031415,Econ 1,20
07/22/25 13:23,Amina Lopez,1029385,Math 33A,45
07/22/25 13:28,Priya Ben-David,1038901,Hist 7,75
07/22/25 13:33,Luca Romano,1041627,Physics 8,45
07/22/25 14:09,Rami Haddad,1027831,Chem 14B,20
07/22/25 14:14,Janelle Zahid,1043149,Econ 1,45
07/22/25 15:11,Diego Lee,1095734,Engr 111,50
07/22/25 15:39,Grace O’Connor,1027596,Physics 8,85
07/22/25 15:57,Sasha Ivanova,1057183,Math 33B,100
07/22/25 16:52,Alejandro Rivera,1093108,Geog 10,35
07/23/25 09:00,Kofi Reddy,1043789,Econ 1,90
07/23/25 09:43,Elena Ivanova,1032750,Physics 7,65
07/23/25 10:34,Camila Torres,1040283,Math 31A,35
07/23/25 11:00,Khadija Morales,1087772,Math 31A,60
07/23/25 11:25,Elena Dubois,1015263,Math 32A,75
07/23/25 11:42,Rashid Patel,1070456,Math 3B,45
07/23/25 12:26,Joon-ho Park,1078341,Chem 14B,80
07/23/25 13:09,Rashid Nilsson,1090247,Psych 1,70
07/23/25 14:02,Yara Lopez,1082351,Physics 7,20
07/23/25 14:59,David Kowalski,1018376,Psych 1,10
07/23/25 15:41,Sasha Ivanova,1057183,Math 33B,25
07/23/25 16:15,Haruto Rivera,1097643,Art 3C,100
07/23/25 16:53,Carlos Chen,1019682,Hist 7,75
07/24/25 09:00,Sasha Ivanova,1057183,Psych 1,15
07/24/25 09:46,Theo Haddad,1060245,Lifesci 7A,70
07/24/25 09:58,Rami Haddad,1027831,Chem 14B,70
07/24/25 10:20,Yara Lopez,1082351,Engr 110,55
07/24/25 10:27,Mitchel Anders,1031415,Engr 2,85
07/24/25 11:00,Rami Haddad,1027831,Math 32A,85
07/24/25 11:41,Carlos Chen,1019682,Hist 7,90
07/24/25 12:08,Rami Patel,1053194,Physics 7,40
07/24/25 13:00,Camila Torres,1040283,Engr 111,100
07/24/25 13:17,Maliha Sinore,1025864,Physics 8,25
07/24/25 13:26,Chloe Bellamy,1012864,Engr 7,35
07/24/25 13:34,Sara Kowalski,1015904,MscInd 95,10
07/24/25 14:08,Jun Ivanova,1050426,MscInd 95,70
07/24/25 14:20,Alejandro Pham,1034711,Hist 7,90
07/24/25 15:09,Carlos Romano,1098321,Engr 7,40
07/24/25 15:24,Jonas Nilsson,1057664,Lifesci 7B,35
07/24/25 15:32,Sara Kowalski,1015904,Engr 7,25
07/24/25 15:45,Luca Romano,1041627,Engr 1A,90
07/24/25 16:09,Grace O’Connor,1054346,Econ 1,75
07/24/25 16:49,Zahra Dlamini,1067789,Engr 111,80
07/25/25 09:00,Luca Romano,1041627,Econ 1,100
07/25/25 09:37,Rashid Greene,1049821,Hist 7,25
07/25/25 09:45,Priya Ben-David,1038901,Lifesci 7A,65
07/25/25 09:55,Elena Dubois,1015263,Lifesci 7A,75
07/25/25 10:50,Mariana da Silva,1036785,Lifesci 7A,35
07/25/25 10:54,Ahmed Ibrahim,1073562,Engr 7,75
07/25/25 11:14,Zahra Khan,1049378,Engr 2,95
07/25/25 11:43,Alejandro Pham,1034711,Chem 14B,60
07/25/25 12:01,Noah Thompson,1016739,Engr 110,25
07/25/25 12:06,Maliha Sinore,1025864,Engr 2,40
07/25/25 12:23,Carlos Chen,1019682,Physics 8,35
07/25/25 12:43,Kofi Mensah,1090274,MscInd 95,55
07/25/25 13:16,Omar Brooks,1096780,Math 33A,35
07/25/25 13:36,Rami Haddad,1027831,Psych 1,25
07/25/25 14:05,Theo Schneider,1023496,Engr 2,60
07/25/25 14:40,Rashid Patel,1070456,Engr 1A,60
07/25/25 15:29,Amir Zahid,1084102,Engr 111,35
07/25/25 15:45,Anika Reddy,1037584,Econ 1,30
07/25/25 16:00,Zahra Dlamini,1067789,Hist 7,10
07/25/25 16:21,Elena Dubois,1015263,Psych 1,30
07/25/25 16:28,Isaac Newton,1099999,Physics 8,55
07/26/25 09:00,Talia Ben-David,1035031,Lifesci 7B,20
07/26/25 09:54,Amina Lopez,1029385,Chem 14B,45
07/26/25 10:43,Khadija Morales,1087772,Physics 7,25
07/26/25 11:33,Thomas Dubois,1061152,Engr 110,35
07/26/25 12:25,David Kim,1063279,Geog 10,25
07/26/25 12:55,Fatima Al-Farsi,1094915,Engr 7,10
07/26/25 13:42,Rashid Nilsson,1090247,MscInd 95,85
07/26/25 14:31,Priya Shah,1029845,Engr 1A,80
07/26/25 15:26,Rashid Nilsson,1090247,Lifesci 7B,15
07/26/25 15:57,Jamal Carter,1065940,MscInd 95,65
07/26/25 16:54,Carlos Romano,1098321,Econ 1,40
07/27/25 09:00,Rami Nguyen,1094012,Engr 110,75
07/27/25 09:40,Maliha Sinore,1025864,Art 3C,50
07/27/25 09:55,Peter da Silva,1065928,Engr 7,90
07/27/25 10:19,Haruto Rivera,1097643,Math 3B,30
07/27/25 10:53,Grace O’Connor,1083742,Math 31A,20
07/27/25 11:22,Diego Martínez,1093752,Physics 8,75
07/27/25 12:08,Ewa Nowak,1026189,Math 31B,100
07/27/25 12:32,Grace O’Connor,1054346,Hist 7,70
07/27/25 13:10,Elena Ivanova,1032750,Math 3B,35
07/27/25 13:46,Carlos Mensah,1081290,Lifesci 7B,85
07/27/25 13:52,Talia Ben-David,1035031,Lifesci 7B,70
07/27/25 14:32,Leila Chen,1086310,Engr 2,40
07/27/25 15:27,Amir Zahid,1084102,Physics 7,30
07/27/25 16:14,Priya Kim,1072649,Psych 1,40
07/27/25 16:43,Anika Patel,1050397,Engr 110,50
07/28/25 09:00,Theo Schneider,1023496,Engr 7,95
07/28/25 09:46,Alejandro Pham,1034711,Hist 7,80
07/28/25 10:07,Elena Petrova,1072468,Physics 7,65
07/28/25 10:13,Jun Ivanova,1050426,MscInd 95,40
07/28/25 10:18,Rami Nguyen,1094012,Physics 7,10
07/28/25 10:23,Haruto Rivera,1097643,Engr 111,55
07/28/25 10:35,Rami Haddad,1027831,Lifesci 7B,25
07/28/25 11:03,Khadija Morales,1087772,Physics 7,90
07/28/25 11:15,Jonas Nilsson,1057664,Engr 1A,40
07/28/25 11:40,Priya Ben-David,1038901,Lifesci 7A,60
07/28/25 12:39,Joon-ho Park,1078341,Engr 111,65
07/28/25 13:31,Amir Zahid,1084102,Hist 7,55
07/28/25 13:56,Omar Brooks,1096780,Engr 1A,90
07/28/25 14:02,Luca Romano,1041627,Engr 1A,15
07/28/25 14:29,Rashid Patel,1070456,Engr 1A,100
07/28/25 14:47,Luca Peterson,1056103,Chem 14B,20
07/28/25 15:24,Malika Traoré,1071935,Econ 1,10
07/28/25 16:18,Janelle Al-Farsi,1095047,Chem 14A,70
07/28/25 16:34,Amina Yusuf,1048237,Engr 111,90
07/29/25 09:00,Zahra Khan,1049378,MscInd 95,15
07/29/25 09:06,Jun Ivanova,1050426,MscInd 95,50
07/29/25 09:33,Rami Patel,1053194,Engr 2,65
07/29/25 10:03,Ewa Nowak,1026189,Engr 111,20
07/29/25 10:34,Mariana da Silva,1036785,Geog 10,90
07/29/25 11:16,Nikhil Reddy,1086213,Art 3C,35
07/29/25 11:17,Kofi Reddy,1043789,Math 31A,50
07/29/25 11:43,Camila Torres,1040283,Econ 1,100
07/29/25 12:30,Theo Schneider,1023496,Hist 7,45
07/29/25 12:39,David Kowalski,1018376,Physics 8,50
07/29/25 13:25,Haruto Sakamoto,1067095,Engr 110,75
07/29/25 13:46,Leila Dlamini,1080420,Geog 10,95
07/29/25 13:51,Thomas Dubois,1061152,Physics 7,15
07/29/25 14:12,Luca Peterson,1056103,Hist 7,45
07/29/25 14:24,Theo Haddad,1060245,Engr 110,75
07/29/25 15:14,David Kim,1063279,Physics 8,65
07/29/25 15:35,Yara Lopez,1082351,Engr 110,90
07/29/25 15:56,Alejandro Pham,1034711,Math 33A,15
07/29/25 16:06,David Kim,1063279,Math 32A,15
07/30/25 09:00,Priya Shah,1029845,Lifesci 7B,75
07/30/25 09:40,Jun Ivanova,1050426,Math 3B,90
07/30/25 10:34,Rashid Nilsson,1090247,MscInd 95,60
07/30/25 11:06,Rashid Nilsson,1090247,Physics 8,15
07/30/25 11:38,Elena Petrova,1072468,Geog 10,25
07/30/25 12:05,Amina Lopez,1029385,Chem 14B,35
07/30/25 12:38,Theo Schneider,1023496,Engr 2,75
07/30/25 13:10,David Kowalski,1018376,Math 3B,45
07/30/25 13:15,Rashid Patel,1070456,Engr 1A,25
07/30/25 13:44,Jun Ivanova,1050426,Hist 7,95
07/30/25 14:19,Rashid Greene,1049821,Hist 7,35
07/30/25 15:02,Elena Dubois,1015263,Math 32A,20
07/30/25 15:21,Luca Peterson,1056103,Econ 1,15
07/30/25 15:40,Amina Lopez,1029385,Engr 1A,45
07/30/25 15:52,Kofi Mensah,1090274,Hist 7,45
07/30/25 16:02,Jamal Abdi,1034927,Chem 14A,25
07/30/25 16:58,Ahmed Ibrahim,1073562,Engr 7,100
07/31/25 09:00,Rami Patel,1053194,Math 33B,85
07/31/25 09:06,Priya Shah,1029845,Math 3A,40
07/31/25 09:06,Rashid Nilsson,1090247,Engr 1A,10
07/31/25 09:28,Leila Chen,1086310,Physics 8,80
07/31/25 10:22,Alejandro Rivera,1093108,Engr 2,15
07/31/25 11:02,Elena Ivanova,1032750,Engr 110,50
07/31/25 11:33,Theo Haddad,1060245,Hist 7,40
07/31/25 12:24,Malika Traoré,1071935,Engr 110,35
07/31/25 12:24,Rashid Greene,1049821,Engr 2,70
07/31/25 12:31,Khadija Morales,1087772,Chem 14A,15
07/31/25 13:26,Fatima Sakamoto,1047536,Geog 10,65
07/31/25 14:01,Hassan Mahmoud,1070958,Lifesci 7A,80
07/31/25 14:29,David Kowalski,1018376,Engr 2,90
07/31/25 15:10,Anika Reddy,1037584,Lifesci 7A,55
07/31/25 15:24,Haruto Sakamoto,1067095,Hist 7,55
07/31/25 15:44,Chloe Bellamy,1012864,Engr 111,50
07/31/25 15:44,Talia da Silva,1089402,Engr 1A,20
07/31/25 16:11,Minh Pham,1089583,Engr 110,85
07/31/25 16:25,Isaac Newton,1099999,Hist 7,100
08/01/25 09:00,Diego Martínez,1093752,Math 32A,40
08/01/25 09:21,Zahra Khan,1049378,Engr 7,35
08/01/25 09:42,Mei-Ling Park,1029467,Lifesci 7B,35
08/01/25 09:48,Isabel Nguyen,1088142,Econ 1,10
08/01/25 10:39,Theo Haddad,1060245,Hist 7,70
08/01/25 11:38,Janelle Al-Farsi,1095047,Engr 2,75
08/01/25 12:00,Hassan Mahmoud,1070958,Lifesci 7A,55
08/01/25 12:23,Luca Romano,1041627,Econ 1,60
08/01/25 12:46,Priya Ben-David,1038901,Hist 7,90
08/01/25 12:54,Fatima Sakamoto,1047536,Physics 7,90
08/01/25 13:19,Elena Ivanova,1032750,Geog 10,70
08/01/25 13:42,Mariana da Silva,1036785,Geog 10,55
08/01/25 14:34,Talia Ben-David,1035031,Engr 110,20
08/01/25 15:31,Carlos Chen,1019682,Physics 8,100
08/01/25 15:49,Camila Torres,1040283,Math 31A,45
08/01/25 16:28,Elena Ivanova,1032750,Math 3B,10
08/01/25 16:47,Janelle Al-Farsi,1095047,Math 3A,10
08/02/25 09:00,Luca Romano,1041627,Lifesci 7B,65
08/02/25 09:16,Priya Kim,1072649,Math 32A,80
08/02/25 09:48,Yuki Tanaka,1039510,Math 33A,15
08/02/25 09:52,Haruto Rivera,1097643,Physics 7,80
08/02/25 10:37,Grace O’Connor,1083742,Math 31A,100
08/02/25 10:59,Rami Patel,1053194,Physics 8,60
08/02/25 11:34,Talia Ben-David,1035031,Psych 1,75
08/02/25 12:07,Carlos Mensah,1081290,Physics 7,30
08/02/25 12:12,Alejandro Rivera,1093108,Geog 10,45
08/02/25 12:48,Camila Torres,1040283,Engr 111,50
08/02/25 13:10,Amina Yusuf,1048237,Physics 8,90
08/02/25 13:30,Amina Lopez,1029385,Lifesci 7B,50
08/02/25 13:49,Jamal Abdi,1034927,Chem 14B,55
08/02/25 13:59,Nikhil Reddy,1086213,Econ 1,50
08/02/25 14:57,Isabel Nguyen,1088142,Engr 2,90
08/02/25 15:46,Carlos Romano,1098321,Econ 1,55
08/02/25 16:00,Grace O’Connor,1027596,Art 3C,45
08/02/25 16:31,Jun Ivanova,1050426,Math 3B,45
08/03/25 09:00,Zahra Dlamini,1067789,Lifesci 7B,25
08/03/25 09:01,Joon-ho Park,1078341,Art 3C,85
08/03/25 09:15,Maliha Sinore,1025864,Art 3C,60
08/03/25 09:55,Grace O’Connor,1054346,Engr 2,25
08/03/25 10:33,Leila Chen,1086310,Art 3C,50
08/03/25 10:57,Haruto Sakamoto,1067095,Physics 8,55
08/03/25 11:46,Fatima Al-Farsi,1094915,Chem 14B,85
08/03/25 11:57,Carlos Mensah,1081290,Math 32A,20
08/03/25 12:21,Elena Dubois,1015263,Math 32A,70
08/03/25 12:55,Grace O’Connor,1054346,Engr 7,75
08/03/25 13:24,Luca Peterson,1056103,Hist 7,10
08/03/25 14:14,Grace O’Connor,1054346,Econ 1,25
08/03/25 14:49,Malika Traoré,1071935,Engr 110,50
08/03/25 15:44,Rashid Chowdhury,1091876,Art 3C,35
08/03/25 15:49,Grace O’Connor,1083742,Math 31A,15
08/03/25 16:08,Maliha Sinore,1025864,Physics 7,40
08/04/25 09:00,Alejandro Pham,1034711,Engr 110,85
08/04/25 09:35,Jamal Carter,1065940,Physics 7,50
08/04/25 10:27,Fatima Al-Farsi,1094915,Engr 7,10
08/04/25 11:25,Thomas Dubois,1061152,Psych 1,85
08/04/25 11:59,Peter da Silva,1065928,Math 3B,30
08/04/25 12:55,Carlos Chen,1019682,Math 31B,45
08/04/25 13:04,Theo Haddad,1060245,Math 3A,20
08/04/25 13:51,Anika Patel,1050397,Art 3C,15
08/04/25 14:30,Grace O’Connor,1054346,Hist 7,80
08/04/25 15:07,Carlos Romano,1098321,Engr 1A,75
08/04/25 16:04,Leila Chen,1086310,Lifesci 7B,95
08/04/25 16:47,Malika Traoré,1071935,Engr 7,65
08/05/25 09:00,Luca Peterson,1056103,Chem 14A,50
08/05/25 09:33,Jamal Abdi,1034927,Engr 111,80
08/05/25 09:42,Alejandro Rivera,1093108,Art 3C,95
08/05/25 09:57,Elena Dubois,1015263,MscInd 95,60
08/05/25 10:29,Jamal Carter,1065940,Engr 1A,15
08/05/25 10:57,Kofi Reddy,1043789,Geog 10,90
08/05/25 11:06,Jamal Abdi,1034927,Math 33A,75
08/05/25 11:25,Jun Ivanova,1050426,Physics 7,45
08/05/25 11:28,Chloe Bellamy,1012864,Engr 7,10
08/05/25 11:29,Sasha Ivanova,1057183,Math 33B,30
08/05/25 11:57,Diego Lee,1095734,Math 32A,40
08/05/25 12:19,Sara Kowalski,1015904,Chem 14A,40
08/05/25 12:23,Jamal Abdi,1034927,Math 33A,90
08/05/25 12:42,Grace O’Connor,1083742,Engr 1A,85
08/05/25 13:07,Diego Martínez,1093752,Geog 10,65
08/05/25 13:49,Nikhil Reddy,1086213,Chem 14B,80
08/05/25 14:32,Omar Brooks,1096780,Physics 7,35
08/05/25 15:03,Anika Reddy,1037584,Geog 10,80
08/05/25 15:14,Ayaka Mori,1034569,MscInd 95,80
08/05/25 15:51,Noah Thompson,1016739,Chem 14B,40
08/05/25 16:48,Joon-ho Park,1078341,Math 31A,10
08/06/25 09:00,Isabel Nguyen,1088142,MscInd 95,40
08/06/25 09:05,Peter Okoro,1098221,Hist 7,10
08/06/25 10:01,Talia da Silva,1089402,Psych 1,100
08/06/25 10:51,Grace O’Connor,1027596,Engr 7,55
08/06/25 11:01,Camila Torres,1040283,Physics 7,100
08/06/25 11:42,Alejandro Pham,1034711,Engr 110,40
08/06/25 12:20,Amir Zhou,1095137,Geog 10,25
08/06/25 12:24,Janelle Al-Farsi,1095047,Engr 7,90
08/06/25 13:18,Alejandro Rivera,1093108,Engr 7,45
08/06/25 14:04,Talia Ben-David,1035031,Psych 1,70
08/06/25 14:58,Theo Haddad,1060245,Hist 7,45
08/06/25 15:39,Hassan Mahmoud,1070958,Engr 2,45
08/06/25 15:55,Camila Torres,1040283,Econ 1,90
08/06/25 16:21,Malika Traoré,1071935,Engr 7,75
08/07/25 09:00,Yara Lopez,1082351,Math 3B,10
08/07/25 09:04,Grace O’Connor,1027596,Engr 7,50
08/07/25 09:38,Talia da Silva,1089402,Physics 8,100
08/07/25 10:07,Thomas Dubois,1061152,Math 31A,75
08/07/25 11:00,Hassan Mahmoud,1070958,Math 31B,100
08/07/25 11:23,Janelle Al-Farsi,1095047,Engr 2,10
08/07/25 12:16,Rashid Chowdhury,1091876,Engr 2,95
08/07/25 13:02,Joon-ho Park,1078341,Engr 111,45
08/07/25 13:54,Ahmed Ibrahim,1073562,Art 3C,10
08/07/25 14:54,Fatima Sakamoto,1047536,Physics 7,50
08/07/25 15:06,Elena Ivanova,1032750,Physics 7,40
08/07/25 15:42,Fatima Sakamoto,1047536,Psych 1,95
08/07/25 15:44,Leila Chen,1086310,Art 3C,40
08/07/25 16:26,Omar Brooks,1096780,Math 33A,100
08/08/25 09:00,Janelle Al-Farsi,1095047,Hist 7,20
08/08/25 09:10,Amir Zhou,1095137,Geog 10,45
08/08/25 09:14,Kofi Reddy,1043789,Econ 1,100
08/08/25 10:13,Alejandro Rivera,1093108,Geog 10,75
08/08/25 10:52,Kofi Reddy,1043789,Math 31A,40
08/08/25 11:12,Zahra Khan,1049378,MscInd 95,20
08/08/25 11:44,David Kowalski,1018376,Math 3B,25
08/08/25 12:02,David Kowalski,1018376,Engr 2,20
08/08/25 12:26,Ayaka Mori,1034569,MscInd 95,65
08/08/25 13:09,Kofi Reddy,1043789,Geog 10,30
08/08/25 14:01,Isabel Nguyen,1088142,Chem 14B,35
08/08/25 14:51,Priya Kim,1072649,Math 32A,35
08/08/25 15:00,Alejandro Rivera,1093108,Engr 7,50
08/08/25 15:32,Amina Lopez,1029385,Lifesci 7B,90
08/08/25 16:06,Sasha Ivanova,1057183,Engr 110,70
08/08/25 16:55,Rashid Patel,1070456,MscInd 95,80
08/09/25 09:00,Carlos Romano,1098321,Geog 10,65
08/09/25 09:46,Peter da Silva,1065928,Psych 1,40
08/09/25 10:44,Priya Ben-David,1038901,Geog 10,70
08/09/25 11:15,Anika Patel,1050397,Psych 1,50
08/09/25 11:34,Sara Kowalski,1015904,Chem 14A,40
08/09/25 11:34,Amina Lopez,1095735,Engr 2,15
08/09/25 11:42,Isaac Newton,1099999,Hist 7,65
08/09/25 12:26,Janelle Zahid,1043149,Hist 7,85
08/09/25 13:26,Malika Traoré,1071935,Math 32A,60
08/09/25 14:06,Khadija Shah,1045189,Math 32A,75
08/09/25 14:58,Yuki Tanaka,1039510,Geog 10,25
08/09/25 15:30,Rami Patel,1053194,Physics 8,95
08/09/25 16:28,Priya Kim,1072649,Psych 1,95
08/09/25 16:59,Mei-Ling Park,1029467,Art 3C,65
08/10/25 09:00,Omar Brooks,1096780,Physics 7,75
08/10/25 09:14,Anika Patel,1050397,Psych 1,75
08/10/25 09:18,Amina Lopez,1029385,Math 33A,50
08/10/25 09:25,Maliha Sinore,1025864,Econ 1,55
08/10/25 09:31,Chloe Bellamy,1012864,Engr 7,80
08/10/25 09:35,Rashid Chowdhury,1091876,Physics 8,90
08/10/25 10:02,Kofi Reddy,1043789,Lifesci 7B,15
08/10/25 10:19,Isabel Nguyen,1088142,Math 31A,35
08/10/25 11:02,Benson Lynn,1027183,Engr 1A,25
08/10/25 11:03,Sasha Ivanova,1057183,Chem 14A,20
08/10/25 11:45,Talia Ben-David,1035031,Lifesci 7B,65
08/10/25 12:36,Thomas Dubois,1061152,Physics 7,50
08/10/25 13:35,Yara Lopez,1082351,Econ 1,25
08/10/25 14:19,David Kowalski,1018376,Engr 2,50
08/10/25 14:52,Amir Zhou,1095137,Geog 10,100
08/10/25 15:48,Carlos Mensah,1081290,Art 3C,10
08/10/25 16:37,Alejandro Rivera,1093108,Math 33B,15
08/10/25 16:40,Khadija Morales,1087772,Chem 14A,70
08/11/25 09:00,Carlos Chen,1019682,Physics 8,35
08/11/25 09:42,Zahra Dlamini,1067789,Engr 111,20
08/11/25 10:37,Leila Chen,1086310,Math 31A,50
08/11/25 11:32,Rami Nguyen,1094012,Lifesci 7A,20
08/11/25 12:32,Thomas Dubois,1061152,Math 31A,90
08/11/25 12:32,Leila Chen,1086310,Psych 1,85
08/11/25 13:20,Jamal Carter,1065940,MscInd 95,15
08/11/25 13:32,Malika Traoré,1071935,Math 32A,85
08/11/25 14:25,Sasha Ivanova,1057183,Lifesci 7B,30
08/11/25 15:22,Yara Lopez,1082351,Math 3B,60
08/11/25 15:26,Theo Schneider,1023496,Engr 7,10
08/11/25 16:15,Amina Lopez,1095735,Physics 8,75
08/11/25 16:32,Kofi Mensah,1090274,Lifesci 7A,50
08/11/25 16:54,Fatima Al-Farsi,1094915,Engr 7,30
08/12/25 09:00,Mei-Ling Park,1029467,Geog 10,100
08/12/25 09:29,Hassan Mahmoud,1070958,Engr 2,85
08/12/25 10:13,Elena Petrova,1072468,Physics 7,45
08/12/25 10:26,Haruto Rivera,1097643,Physics 7,100
08/12/25 10:38,Jamal Abdi,1034927,Chem 14B,40
08/12/25 10:41,Omar Brooks,1096780,Math 33A,65
08/12/25 10:57,Ewa Nowak,1026189,MscInd 95,60
08/12/25 11:09,Janelle Al-Farsi,1095047,Engr 2,70
08/12/25 11:23,Jamal Carter,1065940,Math 3A,35
08/12/25 12:09,Anika Reddy,1037584,Engr 111,55
08/12/25 12:47,Jonas Nilsson,1057664,Math 31A,65
08/12/25 13:18,Haruto Zhou,1061984,Engr 110,65
08/12/25 13:41,Benson Lynn,1027183,Math 33B,10
08/12/25 13:58,Zahra Dlamini,1067789,Math 3A,10
08/12/25 14:13,Diego Lee,1095734,Psych 1,30
08/12/25 14:54,Mitchel Anders,1031415,MscInd 95,65
08/12/25 14:58,Mei-Ling Chen,1082631,Math 33A,50
08/12/25 15:14,Jamal Carter,1065940,Math 3A,75
08/12/25 15:33,Talia da Silva,1089402,Physics 8,40
08/12/25 16:30,Ewa Nowak,1026189,Engr 111,90
08/12/25 16:54,Amina Lopez,1095735,Lifesci 7A,75
08/13/25 09:00,Priya Ben-David,1038901,Engr 110,25
08/13/25 09:12,Rashid Patel,1070456,Physics 7,35
08/13/25 10:01,Talia da Silva,1089402,Chem 14A,50
08/13/25 10:48,Rami Haddad,1027831,Lifesci 7B,25
08/13/25 11:32,Grace O’Connor,1054346,Engr 7,55
08/13/25 12:30,Minh Pham,1089583,Engr 7,20
08/13/25 13:24,Ewa Nowak,1026189,MscInd 95,90
08/13/25 13:45,Kofi Mensah,1090274,Chem 14A,40
08/13/25 14:37,Haruto Zhou,1061984,Lifesci 7A,40
08/13/25 15:25,Jonas Nilsson,1057664,Psych 1,35
08/13/25 15:42,Haruto Zhou,1061984,Engr 7,45
08/13/25 16:01,Priya Kim,1072649,Econ 1,55
08/13/25 16:05,Thomas Dubois,1061152,Physics 7,100
08/13/25 16:17,Anika Reddy,1037584,Math 3A,100
08/14/25 09:00,Thomas Dubois,1061152,Engr 110,30
08/14/25 09:00,Amina Yusuf,1048237,Physics 8,60
08/14/25 09:15,Haruto Rivera,1097643,Engr 111,20
08/14/25 09:29,Priya Ben-David,1038901,Geog 10,75
08/14/25 09:52,Rashid Chowdhury,1091876,Art 3C,35
08/14/25 10:13,Noah Thompson,1016739,Chem 14B,50
08/14/25 10:18,Zahra Dlamini,1067789,Hist 7,15
08/14/25 10:40,Haruto Zhou,1061984,MscInd 95,50
08/14/25 11:30,Rashid Chowdhury,1091876,Physics 8,60
08/14/25 11:40,Alejandro Pham,1034711,Engr 7,100
08/14/25 11:59,Sasha Ivanova,1057183,Engr 110,85
08/14/25 12:01,Ayaka Mori,1034569,Engr 111,75
08/14/25 12:45,Peter da Silva,1065928,Hist 7,40
08/14/25 12:58,Rashid Chowdhury,1091876,Art 3C,35
08/14/25 13:33,Yuki Tanaka,1039510,Physics 8,85
08/14/25 14:25,Kofi Mensah,1090274,Math 33B,100
08/14/25 15:05,Sara Kowalski,1015904,Engr 1A,55
08/14/25 15:42,Kofi Mensah,1090274,Engr 111,20
08/14/25 15:53,Rashid Patel,1070456,Engr 7,75
08/14/25 16:45,Haruto Rivera,1097643,Art 3C,35
08/15/25 09:00,Theo Schneider,1023496,Econ 1,50
08/15/25 09:45,Priya Shah,1029845,Econ 1,90
08/15/25 10:12,Noah Thompson,1016739,Lifesci 7B,45
08/15/25 10:38,Carlos Chen,1019682,Math 31B,30
08/15/25 11:07,Jonas Nilsson,1057664,Lifesci 7B,70
08/15/25 11:17,Luca Romano,1041627,Math 31B,95
08/15/25 12:05,Malika Traoré,1071935,Math 32A,95
08/15/25 12:13,Yara Lopez,1082351,Engr 7,85
08/15/25 12:37,Jamal Abdi,1034927,Chem 14A,40
08/15/25 13:01,Anika Patel,1050397,Math 33A,40
08/15/25 13:48,Theo Haddad,1060245,Math 3A,55
08/15/25 13:52,Amina Lopez,1029385,Math 33A,75
08/15/25 14:28,Chloe Bellamy,1012864,Math 3A,55
08/15/25 14:48,Theo Haddad,1060245,Math 3A,80
08/15/25 15:01,Zahra Dlamini,1067789,Engr 111,85
08/15/25 16:00,Noah Thompson,1016739,Chem 14B,55
08/15/25 16:27,Carlos Romano,1098321,Engr 7,80
08/15/25 16:46,Chloe Bellamy,1012864,Physics 7,85
08/16/25 09:00,Elena Ivanova,1032750,Engr 110,30
08/16/25 09:42,Sasha Ivanova,1057183,Chem 14A,10
08/16/25 10:09,Haruto Sakamoto,1067095,Math 31A,60
08/16/25 10:40,David Kowalski,1018376,Math 3B,55
08/16/25 11:09,Zahra Dlamini,1067789,Hist 7,80
08/16/25 11:20,Fatima Al-Farsi,1094915,Chem 14B,85
08/16/25 12:01,Thomas Dubois,1061152,Psych 1,45
08/16/25 12:41,Chloe Bellamy,1012864,Art 3C,75
08/16/25 13:10,Ahmed Ibrahim,1073562,Psych 1,10
08/16/25 13:26,Luca Peterson,1056103,Econ 1,45
08/16/25 13:51,Rashid Greene,1049821,Hist 7,30
08/16/25 14:25,Yara Lopez,1082351,Math 3B,65
08/16/25 14:57,Fatima Al-Farsi,1094915,Math 3B,15
08/16/25 15:06,Leila Dlamini,1080420,Hist 7,65
08/16/25 15:08,Rashid Patel,1070456,Math 3B,25
08/16/25 15:25,Mariana da Silva,1036785,Math 3A,25
08/16/25 16:20,Joon-ho Park,1078341,Engr 111,80
08/16/25 16:49,Grace O’Connor,1054346,Hist 7,80
08/17/25 09:00,Alejandro Pham,1034711,Math 33A,95
08/17/25 09:50,Rami Haddad,1027831,Math 32A,65
08/17/25 09:52,Amir Zhou,1095137,Hist 7,50
08/17/25 10:32,Haruto Rivera,1097643,Physics 7,10
08/17/25 10:38,Grace O’Connor,1083742,Physics 7,65
08/17/25 11:31,Khadija Morales,1087772,Engr 110,25
08/17/25 12:13,Rami Patel,1053194,Engr 2,75
08/17/25 13:02,Janelle Zahid,1043149,Chem 14B,25
08/17/25 13:58,Jamal Abdi,1034927,Psych 1,90
08/17/25 14:56,Khadija Shah,1045189,Lifesci 7B,15
08/17/25 14:57,Ahmed Ibrahim,1073562,Art 3C,80
08/17/25 15:48,Noah Thompson,1016739,Psych 1,20
08/17/25 16:23,Joon-ho Park,1078341,Engr 7,45
08/18/25 09:00,Ewa Nowak,1026189,MscInd 95,25
08/18/25 09:51,David Kowalski,1018376,Chem 14A,40
08/18/25 10:18,Carlos Chen,1019682,Physics 8,50
08/18/25 10:26,Mei-Ling Park,1029467,Art 3C,25
08/18/25 11:01,Camila Torres,1040283,Engr 111,90
08/18/25 11:52,Minh Pham,1089583,Psych 1,40
08/18/25 12:05,David Kim,1063279,Lifesci 7A,85
08/18/25 12:05,Sasha Ivanova,1057183,Econ 1,35
08/18/25 12:41,Anika Patel,1050397,Engr 110,85
08/18/25 12:48,Diego Martínez,1093752,Geog 10,10
08/18/25 12:54,Zahra Dlamini,1067789,Chem 14A,75
08/18/25 13:41,Rami Haddad,1027831,Psych 1,15
08/18/25 14:13,Alejandro Pham,1034711,Psych 1,85
08/18/25 15:04,Alejandro Rivera,1093108,Physics 8,85
08/18/25 15:15,Amir Zhou,1095137,Engr 110,75
08/18/25 15:21,Theo Haddad,1060245,Lifesci 7B,100
08/18/25 16:14,Chloe Bellamy,1012864,Engr 7,10
08/18/25 16:16,Amina Lopez,1095735,Art 3C,40
08/18/25 16:56,Camila Torres,1040283,Engr 7,65
08/19/25 09:00,Leila Chen,1086310,Engr 2,50
08/19/25 09:49,Grace O’Connor,1083742,Math 31A,65
08/19/25 09:56,Amir Zhou,1095137,Geog 10,95
08/19/25 10:04,Benson Lynn,1027183,Econ 1,35
08/19/25 10:15,Rashid Patel,1070456,MscInd 95,25
08/19/25 10:54,Amir Zhou,1095137,Engr 110,75
08/19/25 11:08,Alejandro Pham,1034711,Chem 14B,30
08/19/25 11:19,Alejandro Rivera,1093108,Engr 2,75
08/19/25 11:39,Mariana da Silva,1036785,Lifesci 7A,65
08/19/25 11:44,Carlos Mensah,1081290,Engr 110,90
08/19/25 12:06,Noah Thompson,1016739,Chem 14B,90
08/19/25 13:01,Yara Lopez,1082351,Engr 7,65
08/19/25 13:47,Luca Peterson,1056103,Chem 14B,65
08/19/25 14:34,Mariana da Silva,1036785,Econ 1,60
08/19/25 14:41,Grace O’Connor,1083742,Math 31A,25
08/19/25 15:14,Jamal Carter,1065940,Geog 10,95
08/19/25 15:50,Diego Lee,1095734,Chem 14A,80
08/19/25 16:03,Theo Haddad,1060245,Math 3A,50
08/19/25 16:12,Elena Ivanova,1032750,MscInd 95,10
08/19/25 16:46,Minh Pham,1089583,Hist 7,100
08/20/25 09:00,Mariana da Silva,1036785,Math 3A,85
08/20/25 09:50,Diego Martínez,1093752,Geog 10,60
08/20/25 10:34,Thomas Dubois,1061152,MscInd 95,55
08/20/25 10:48,Sasha Ivanova,1057183,Econ 1,40
08/20/25 10:54,Yuki Tanaka,1039510,Physics 7,85
08/20/25 11:20,Anika Patel,1050397,Chem 14A,65
08/20/25 11:35,Anika Patel,1050397,Math 33A,75
08/20/25 11:52,Peter da Silva,1065928,Math 3B,90
08/20/25 12:50,Amir Zhou,1095137,Engr 110,90
08/20/25 13:35,Priya Ben-David,1038901,Physics 7,60
08/20/25 14:29,Chloe Bellamy,1012864,Art 3C,95
08/20/25 15:11,Rashid Nilsson,1090247,Psych 1,15
08/20/25 15:34,Hassan Mahmoud,1070958,Math 31B,55
08/20/25 15:40,David Kim,1063279,Art 3C,55
08/20/25 15:44,Leila Dlamini,1080420,Math 32A,95
08/20/25 16:44,Rashid Chowdhury,1091876,Chem 14A,60
08/21/25 09:00,Luca Romano,1041627,Physics 8,40
08/21/25 09:25,Diego Martínez,1093752,Geog 10,10
08/21/25 09:49,Chloe Bellamy,1012864,MscInd 95,85
08/21/25 10:29,Priya Kim,1072649,Math 32A,45
08/21/25 10:45,Haruto Sakamoto,1067095,Physics 8,30
08/21/25 11:39,Rami Patel,1053194,Math 33B,70
08/21/25 11:52,Kofi Mensah,1090274,MscInd 95,100
08/21/25 12:23,Chloe Bellamy,1012864,Engr 111,75
08/21/25 12:31,Isabel Nguyen,1088142,MscInd 95,35
08/21/25 13:20,Fatima Al-Farsi,1094915,Math 3B,15
08/21/25 13:58,Kofi Reddy,1043789,Lifesci 7B,55
08/21/25 14:53,Priya Kim,1072649,Engr 110,70
08/21/25 15:12,Talia Ben-David,1035031,Engr 110,55
08/21/25 15:40,Noah Thompson,1016739,Chem 14B,55
08/21/25 16:40,Haruto Zhou,1061984,Math 31A,60
08/22/25 09:00,Priya Shah,1029845,Chem 14B,85
08/22/25 09:20,Yuki Tanaka,1039510,Physics 7,75
08/22/25 09:48,Priya Kim,1072649,Engr 110,40
08/22/25 09:50,Mariana da Silva,1036785,Engr 1A,35
08/22/25 10:50,Elena Ivanova,1032750,Chem 14B,100
08/22/25 11:11,Fatima Al-Farsi,1094915,Engr 7,30
08/22/25 11:28,Mitchel Anders,1031415,Physics 7,60
08/22/25 12:24,Kofi Reddy,1043789,Engr 111,55
08/22/25 12:28,Fatima Al-Farsi,1094915,Hist 7,100
08/22/25 12:34,Luca Romano,1041627,Physics 8,70
08/22/25 13:27,Talia Ben-David,1035031,Lifesci 7A,35
08/22/25 13:47,Amina Lopez,1029385,Engr 1A,85
08/22/25 14:39,Diego Lee,1095734,Engr 111,85
08/22/25 15:33,Noah Thompson,1016739,Psych 1,15
08/22/25 16:33,Elena Ivanova,1032750,Physics 7,80
08/22/25 16:36,Kofi Reddy,1043789,Geog 10,20
08/23/25 09:00,Peter Okoro,1098221,Lifesci 7B,45
08/23/25 09:43,Ahmed Ibrahim,1073562,Psych 1,95
08/23/25 10:41,Diego Lee,1095734,Math 32A,90
08/23/25 11:39,Joon-ho Park,1078341,Chem 14B,100
08/23/25 12:09,Alejandro Rivera,1093108,Art 3C,20
08/23/25 12:09,Mei-Ling Park,1029467,Lifesci 7B,80
08/23/25 12:52,Fatima Al-Farsi,1094915,Chem 14B,55
08/23/25 12:54,Grace O’Connor,1054346,Engr 7,100
08/23/25 13:25,David Kowalski,1018376,Chem 14A,95
08/23/25 14:22,Yara Lopez,1082351,Engr 110,50
08/23/25 15:04,Anika Reddy,1037584,Geog 10,30
08/23/25 15:53,Jonas Nilsson,1057664,Geog 10,55
08/23/25 16:03,Sasha Ivanova,1057183,Chem 14A,55
08/23/25 16:37,Luca Peterson,1056103,Chem 14A,25
08/24/25 09:00,Theo Haddad,1060245,MscInd 95,40
08/24/25 09:54,Camila Torres,1040283,Hist 7,100
08/24/25 10:15,Khadija Morales,1087772,Chem 14A,85
08/24/25 10:33,Yuki Tanaka,1039510,Math 33A,70
08/24/25 11:09,Haruto Rivera,1097643,Physics 7,70
08/24/25 11:26,Carlos Romano,1098321,Geog 10,10
08/24/25 11:51,Thomas Dubois,1061152,Engr 110,35
08/24/25 12:10,Ewa Nowak,1026189,Math 31B,15
08/24/25 12:44,Zahra Dlamini,1067789,Chem 14A,50
08/24/25 13:09,Theo Haddad,1060245,Lifesci 7B,85
08/24/25 13:19,Priya Shah,1029845,Psych 1,55
08/24/25 13:52,Camila Torres,1040283,Hist 7,40
08/24/25 13:53,Priya Ben-David,1038901,Physics 7,55
08/24/25 14:48,Amir Zhou,1095137,Physics 8,90
08/24/25 15:33,Grace O’Connor,1083742,Math 31A,70
08/24/25 16:10,Khadija Shah,1045189,Psych 1,100
08/24/25 16:41,Isabel Nguyen,1088142,MscInd 95,35
08/25/25 09:00,Joon-ho Park,1078341,Engr 7,55
08/25/25 09:23,Yuki Tanaka,1039510,Math 33A,20
08/25/25 09:49,Janelle Zahid,1043149,Engr 1A,45
08/25/25 10:44,Anika Patel,1050397,Physics 7,30
08/25/25 11:34,Luca Romano,1041627,Engr 1A,95
08/25/25 12:31,Sara Kowalski,1015904,Chem 14A,100
08/25/25 13:16,Amina Yusuf,1048237,Physics 8,35
08/25/25 13:21,Haruto Rivera,1097643,Physics 7,30
08/25/25 13:21,Rashid Patel,1070456,MscInd 95,95
08/25/25 13:54,Amina Yusuf,1048237,Physics 7,40
08/25/25 14:48,Ayaka Mori,1034569,Math 33A,30
08/25/25 15:23,Diego Martínez,1093752,MscInd 95,55
08/25/25 15:25,Grace O’Connor,1083742,Hist 7,30
08/25/25 15:54,Sasha Ivanova,1057183,Engr 110,100
08/25/25 16:30,Mariana da Silva,1036785,Econ 1,25
08/25/25 16:54,Rami Haddad,1027831,Psych 1,15
08/26/25 09:00,Sasha Ivanova,1057183,Psych 1,70
08/26/25 09:07,Zahra Dlamini,1067789,Math 3A,55
08/26/25 09:13,Malika Traoré,1071935,Math 32A,10
08/26/25 09:57,Minh Pham,1089583,Hist 7,15
08/26/25 10:55,Jonas Nilsson,1057664,Lifesci 7B,95
08/26/25 11:45,Peter da Silva,1065928,Math 3B,85
08/26/25 12:26,Minh Pham,1089583,Lifesci 7A,65
08/26/25 13:25,Joon-ho Park,1078341,Hist 7,95
08/26/25 13:50,Priya Ben-David,1038901,Hist 7,30
08/26/25 14:27,Talia Ben-David,1035031,Psych 1,95
08/26/25 15:23,Amina Lopez,1095735,Math 33B,65
08/26/25 16:23,Luca Peterson,1056103,Econ 1,35
08/27/25 09:00,Jamal Abdi,1034927,Chem 14A,80
08/27/25 09:21,Carlos Chen,1019682,Math 31B,95
08/27/25 09:22,Yuki Tanaka,1039510,Engr 1A,65
08/27/25 09:34,Rami Patel,1053194,Geog 10,65
08/27/25 09:57,Theo Schneider,1023496,Econ 1,100
08/27/25 10:24,Grace O’Connor,1083742,Math 31A,100
08/27/25 10:25,Grace O’Connor,1027596,Math 33B,15
08/27/25 10:37,Janelle Zahid,1043149,Math 31B,25
08/27/25 11:06,Rashid Chowdhury,1091876,Engr 2,50
08/27/25 11:58,Amir Zahid,1084102,Geog 10,65
08/27/25 12:07,Rashid Patel,1070456,Hist 7,100
08/27/25 12:45,Chloe Bellamy,1012864,Physics 7,35
08/27/25 13:44,Anika Patel,1050397,Physics 7,85
08/27/25 14:17,Haruto Sakamoto,1067095,Math 31A,35
08/27/25 15:09,Elena Petrova,1072468,Geog 10,40
08/27/25 15:11,Theo Schneider,1023496,Engr 7,85
08/27/25 15:40,Mei-Ling Chen,1082631,Econ 1,10
08/27/25 15:49,Anika Reddy,1037584,Lifesci 7B,65
08/27/25 16:07,Isabel Nguyen,1088142,Math 31A,80
08/27/25 16:36,Rami Nguyen,1094012,Art 3C,20
08/27/25 16:58,Khadija Morales,1087772,Math 31A,30
08/28/25 09:00,Diego Martínez,1093752,MscInd 95,20
08/28/25 09:57,Fatima Sakamoto,1047536,Math 3A,90
08/28/25 10:19,Jun Ivanova,1050426,Hist 7,15
08/28/25 10:41,Minh Pham,1089583,Lifesci 7A,45
08/28/25 11:35,David Kowalski,1018376,Hist 7,80
08/28/25 11:54,Grace O’Connor,1083742,Hist 7,85
08/28/25 11:58,Mitchel Anders,1031415,Math 32A,15
08/28/25 12:36,Ahmed Ibrahim,1073562,Art 3C,50
08/28/25 13:09,Diego Martínez,1093752,Math 32A,90
08/28/25 13:40,Jun Ivanova,1050426,Physics 7,20
08/28/25 13:55,Isabel Nguyen,1088142,Lifesci 7A,60
08/28/25 14:43,Zahra Dlamini,1067789,Lifesci 7B,80
08/28/25 15:29,Mei-Ling Park,1029467,Engr 1A,100
08/28/25 16:24,Peter da Silva,1065928,Psych 1,35
08/29/25 09:00,Grace O’Connor,1027596,Math 33B,60
08/29/25 09:25,Rashid Patel,1070456,Engr 7,65
08/29/25 10:02,Rashid Chowdhury,1091876,Art 3C,20
08/29/25 10:05,Jamal Abdi,1034927,Econ 1,40
08/29/25 10:23,Rashid Patel,1070456,Physics 7,20
08/29/25 10:49,Malika Traoré,1071935,Econ 1,100
08/29/25 11:15,Priya Kim,1072649,Engr 110,80
08/29/25 11:18,Luca Romano,1041627,Math 31B,75
08/29/25 11:48,Jamal Abdi,1034927,Math 33A,55
08/29/25 12:26,Rashid Greene,1049821,Hist 7,25
08/29/25 12:36,Benson Lynn,1027183,Chem 14A,40
08/29/25 13:13,Talia da Silva,1089402,Psych 1,25
08/29/25 14:11,Omar Brooks,1096780,Art 3C,95
08/29/25 14:30,Ayaka Mori,1034569,Math 33A,10
08/29/25 14:38,Rashid Nilsson,1090247,Engr 1A,55
08/29/25 15:13,Ewa Nowak,1026189,MscInd 95,50
08/29/25 16:10,Carlos Chen,1019682,Hist 7,20
08/29/25 16:31,Diego Lee,1095734,Engr 7,95
08/29/25 16:41,Leila Chen,1086310,Math 31A,55
08/30/25 09:00,Khadija Morales,1087772,Art 3C,85
08/30/25 09:13,Maliha Sinore,1025864,Art 3C,20
08/30/25 09:35,Isabel Nguyen,1088142,Econ 1,65
08/30/25 10:17,Omar Brooks,1096780,Art 3C,65
08/30/25 10:19,Jun Ivanova,1050426,MscInd 95,70
08/30/25 11:15,Rashid Greene,1049821,Chem 14A,45
08/30/25 11:18,Benson Lynn,1027183,Chem 14A,60
08/30/25 12:07,Rami Nguyen,1094012,Physics 7,50
08/30/25 12:25,Carlos Mensah,1081290,Art 3C,90
08/30/25 12:26,Haruto Zhou,1061984,MscInd 95,55
08/30/25 12:49,Janelle Zahid,1043149,Hist 7,40
08/30/25 13:27,Jamal Abdi,1034927,Math 33A,30
08/30/25 14:21,Luca Peterson,1056103,Chem 14B,50
08/30/25 14:27,Jamal Carter,1065940,Math 3A,60
08/30/25 14:48,Alejandro Pham,1034711,Psych 1,45
08/30/25 15:09,Carlos Romano,1098321,Engr 7,15
08/30/25 15:33,Chloe Bellamy,1012864,MscInd 95,45
08/30/25 16:32,Ayaka Mori,1034569,Chem 14A,70
08/31/25 09:00,Janelle Al-Farsi,1095047,MscInd 95,95
08/31/25 09:22,Nikhil Reddy,1086213,Art 3C,40
08/31/25 09:30,Fatima Al-Farsi,1094915,Hist 7,25
08/31/25 09:54,David Kowalski,1018376,Engr 2,25
08/31/25 10:17,Alejandro Rivera,1093108,Math 33B,80
08/31/25 11:15,Leila Chen,1086310,Engr 2,25
08/31/25 11:18,Maliha Sinore,1025864,Physics 8,95
08/31/25 11:43,Theo Haddad,1060245,Math 3A,95
08/31/25 12:38,Carlos Romano,1098321,Engr 1A,55
08/31/25 12:39,Yara Lopez,1082351,Art 3C,45
08/31/25 12:57,Rami Haddad,1027831,Chem 14B,90
08/31/25 13:35,Diego Martínez,1093752,Physics 8,55
08/31/25 13:59,Haruto Zhou,1061984,Math 31A,10
08/31/25 14:25,Mei-Ling Park,1029467,Art 3C,80
08/31/25 14:50,Joon-ho Park,1078341,Hist 7,60
08/31/25 15:50,Khadija Morales,1087772,Hist 7,85
08/31/25 16:37,Kofi Reddy,1043789,Econ 1,80
09/01/25 09:00,Thomas Dubois,1061152,Engr 110,60
09/01/25 09:41,Ahmed Ibrahim,1073562,Psych 1,40
09/01/25 09:45,Joon-ho Park,1078341,Art 3C,80
09/01/25 10:13,Priya Ben-David,1038901,Physics 7,95
09/01/25 10:21,Haruto Rivera,1097643,Math 3B,30
09/01/25 10:58,Sasha Ivanova,1057183,Math 33B,65
09/01/25 11:05,Rami Haddad,1027831,Engr 111,60
09/01/25 11:55,Carlos Chen,1019682,Hist 7,50
09/01/25 12:38,Fatima Al-Farsi,1094915,Math 3B,25
09/01/25 13:33,Carlos Romano,1098321,Geog 10,50
09/01/25 14:09,Carlos Chen,1019682,Engr 110,25
09/01/25 14:12,Amir Zahid,1084102,Engr 111,15
09/01/25 14:40,Chloe Bellamy,1012864,Physics 7,55
09/01/25 15:35,Amir Zahid,1084102,Math 31B,15
09/01/25 16:12,Jamal Abdi,1034927,Engr 111,50
09/01/25 16:19,Talia da Silva,1089402,Chem 14A,65
09/02/25 09:00,Khadija Shah,1045189,Lifesci 7B,40
09/02/25 09:47,Kofi Mensah,1090274,MscInd 95,85
09/02/25 10:08,Kofi Reddy,1043789,Geog 10,50
09/02/25 10:52,Fatima Al-Farsi,1094915,Math 3B,40
09/02/25 11:46,Peter Okoro,1098221,MscInd 95,60
09/02/25 12:02,Carlos Chen,1019682,Lifesci 7B,95
09/02/25 12:56,Rami Patel,1053194,Math 33B,65
09/02/25 13:36,Alejandro Rivera,1093108,Engr 7,65
09/02/25 13:41,Priya Kim,1072649,Econ 1,20
09/02/25 14:31,Rami Patel,1053194,Hist 7,55
09/02/25 15:07,Isabel Nguyen,1088142,Math 31A,30
09/02/25 15:58,Jonas Nilsson,1057664,Geog 10,15
09/02/25 16:12,Rami Nguyen,1094012,Engr 110,60
09/02/25 16:31,Priya Ben-David,1038901,Math 31A,70
09/03/25 09:00,Yara Lopez,1082351,Art 3C,45
09/03/25 09:41,Maliha Sinore,1025864,Math 33A,80
09/03/25 10:29,Priya Ben-David,1038901,Hist 7,55
09/03/25 11:01,Elena Dubois,1015263,Lifesci 7A,10
09/03/25 11:35,Noah Thompson,1016739,Lifesci 7B,15
09/03/25 11:57,Sara Kowalski,1015904,Math 33A,45
09/03/25 12:49,Ayaka Mori,1034569,Engr 111,80
09/03/25 12:50,Luca Romano,1041627,Engr 1A,15
09/03/25 12:56,Isaac Newton,1099999,Engr 7,70
09/03/25 13:20,David Kim,1063279,Lifesci 7A,35
09/03/25 13:38,Jonas Nilsson,1057664,Psych 1,10
09/03/25 13:44,Janelle Zahid,1043149,Econ 1,80
09/03/25 14:08,Jun Ivanova,1050426,MscInd 95,80
09/03/25 14:18,Sasha Ivanova,1057183,Econ 1,50
09/03/25 14:36,Hassan Mahmoud,1070958,Lifesci 7A,90
09/03/25 15:14,Benson Lynn,1027183,Physics 8,55
09/03/25 15:24,Rami Haddad,1027831,Art 3C,40
09/03/25 16:06,Carlos Chen,1019682,Physics 8,25
09/03/25 16:49,Peter da Silva,1065928,Psych 1,25
09/04/25 09:00,Rashid Patel,1070456,Engr 7,55
09/04/25 09:39,Amir Zahid,1084102,Geog 10,60
09/04/25 10:13,Nikhil Reddy,1086213,Engr 1A,95
09/04/25 10:13,Carlos Mensah,1081290,Lifesci 7B,80
09/04/25 10:34,Camila Torres,1040283,Econ 1,55
09/04/25 10:55,Talia Ben-David,1035031,Econ 1,65
09/04/25 11:44,Malika Traoré,1071935,Hist 7,80
09/04/25 11:59,Fatima Al-Farsi,1094915,Engr 110,45
09/04/25 12:02,Minh Pham,1089583,Math 31A,25
09/04/25 12:37,Sasha Ivanova,1057183,Engr 110,85
09/04/25 13:23,Theo Schneider,1023496,Hist 7,75
09/04/25 14:10,Priya Ben-David,1038901,Engr 110,95
09/04/25 14:47,Rami Patel,1053194,Engr 2,100
09/04/25 15:39,Leila Dlamini,1080420,Math 32A,40
09/04/25 15:41,Anika Reddy,1037584,Lifesci 7A,50
09/04/25 15:43,Isabel Nguyen,1088142,Math 31A,85
09/04/25 16:07,Chloe Bellamy,1012864,Engr 7,40
09/04/25 16:51,Rami Haddad,1027831,Chem 14B,75
09/05/25 09:00,Amina Yusuf,1048237,Econ 1,70
09/05/25 09:18,Amina Lopez,1095735,Lifesci 7A,25
09/05/25 09:56,Rashid Patel,1070456,MscInd 95,65
09/05/25 10:39,Amina Yusuf,1048237,Econ 1,60
09/05/25 10:50,Theo Schneider,1023496,Engr 7,10
09/05/25 11:18,Rashid Greene,1049821,Econ 1,70
09/05/25 11:33,Joon-ho Park,1078341,Math 31A,55
09/05/25 11:43,Grace O’Connor,1027596,Engr 7,25
09/05/25 12:25,Carlos Chen,1019682,Hist 7,50
09/05/25 12:53,Camila Torres,1040283,Math 31A,80
09/05/25 13:07,Kofi Reddy,1043789,Geog 10,80
09/05/25 13:29,Rashid Greene,1049821,Engr 2,15
09/05/25 14:11,Fatima Al-Farsi,1094915,Engr 7,50
09/05/25 14:41,Minh Pham,1089583,Hist 7,25
09/05/25 15:13,Thomas Dubois,1061152,Psych 1,50
09/05/25 16:03,Mei-Ling Park,1029467,Geog 10,80
09/05/25 16:53,Jun Ivanova,1050426,MscInd 95,90
09/06/25 09:00,Elena Dubois,1015263,Psych 1,50
09/06/25 09:33,Kofi Mensah,1090274,Math 33B,50
09/06/25 10:19,Khadija Shah,1045189,Physics 7,90
09/06/25 11:18,Peter da Silva,1065928,Psych 1,20
09/06/25 12:15,Omar Brooks,1096780,Geog 10,85
09/06/25 12:47,Mitchel Anders,1031415,Engr 2,50
09/06/25 12:50,Jonas Nilsson,1057664,Lifesci 7B,90
09/06/25 13:44,Talia da Silva,1089402,Psych 1,70
09/06/25 14:31,Talia Ben-David,1035031,Econ 1,25
09/06/25 14:54,Elena Dubois,1015263,Engr 7,20
09/06/25 15:28,Haruto Zhou,1061984,Psych 1,70
09/06/25 15:56,Thomas Dubois,1061152,Engr 7,65
09/06/25 16:25,Isabel Nguyen,1088142,Math 31A,95
09/07/25 09:00,Jun Ivanova,1050426,Math 3B,45
09/07/25 09:00,Anika Patel,1050397,Math 33A,100
09/07/25 09:29,Alejandro Rivera,1093108,Engr 7,25
09/07/25 09:38,Elena Petrova,1072468,Econ 1,60
09/07/25 10:17,Theo Schneider,1023496,Hist 7,55
09/07/25 10:33,Mei-Ling Park,1029467,Engr 1A,10
09/07/25 11:15,Jamal Carter,1065940,Physics 7,15
09/07/25 11:27,Amina Lopez,1095735,Math 33B,45
09/07/25 11:53,Theo Schneider,1023496,Engr 7,20
09/07/25 12:11,Grace O’Connor,1083742,Hist 7,45
09/07/25 12:23,Carlos Romano,1098321,Geog 10,40
09/07/25 13:12,Ewa Nowak,1026189,Engr 111,100
09/07/25 13:21,Grace O’Connor,1027596,Art 3C,95
09/07/25 13:44,Amina Lopez,1095735,Art 3C,70
09/07/25 14:33,Malika Traoré,1071935,Chem 14A,100
09/07/25 14:46,Haruto Zhou,1061984,MscInd 95,20
09/07/25 15:06,Amina Lopez,1029385,Engr 1A,80
09/07/25 15:31,Jamal Carter,1065940,Geog 10,70
09/07/25 16:14,Jonas Nilsson,1057664,Physics 8,45
09/07/25 16:36,Ewa Nowak,1026189,MscInd 95,80
09/07/25 16:55,Peter Okoro,1098221,MscInd 95,65
09/08/25 09:00,Omar Brooks,1096780,Art 3C,70
09/08/25 09:12,Mariana da Silva,1036785,Econ 1,95
09/08/25 09:21,Priya Shah,1029845,Lifesci 7B,75
09/08/25 09:58,Elena Ivanova,1032750,MscInd 95,70
09/08/25 10:43,Mei-Ling Chen,1082631,Engr 1A,40
09/08/25 11:16,Peter da Silva,1065928,Engr 7,95
09/08/25 11:53,Elena Petrova,1072468,Econ 1,80
09/08/25 12:44,Maliha Sinore,1025864,Physics 8,85
09/08/25 13:11,Isabel Nguyen,1088142,Chem 14B,90
09/08/25 13:49,Ahmed Ibrahim,1073562,Art 3C,10
09/08/25 13:56,Nikhil Reddy,1086213,Chem 14B,80
09/08/25 14:02,Theo Schneider,1023496,Econ 1,60
09/08/25 14:04,Isaac Newton,1099999,Engr 7,25
09/08/25 14:59,Sasha Ivanova,1057183,Econ 1,15
09/08/25 14:59,Amina Yusuf,1048237,Physics 8,60
09/08/25 15:58,Yuki Tanaka,1039510,Geog 10,60
09/08/25 16:36,Mariana da Silva,1036785,Geog 10,100
09/09/25 09:00,Luca Peterson,1056103,Chem 14B,45
09/09/25 09:05,Elena Dubois,1015263,Engr 7,45
09/09/25 09:26,Camila Torres,1040283,Hist 7,90
09/09/25 09:33,Alejandro Pham,1034711,Engr 110,95
09/09/25 10:12,Hassan Mahmoud,1070958,Engr 2,60
09/09/25 10:14,Amina Lopez,1029385,Math 33A,85
